FarmID ,  ParcelID  , Lat        , Lon         , Farm Name               ,  Amount  ,  Weight  ,  Muscle  ,    Fat   ,Features , Front   ,    Leg   ,  Wool , Total
1338481 , 133848    , 64.57622388, -21.61984677, Hestur                  ,    502   ,    35.2  ,   28.7   ,    2.9   ,   3.7   ,  8.0    ,    17.6  ,  7.9  ,  33.4
1344111 , 134411    , 64.65545819, -21.29081324, Hægindi                 ,     77   ,    44.3  ,   28.6   ,    3.1   ,   4.3   ,  8.5    ,    17.5  ,  7.9  ,  33.9
1337361 , 133736    , 64.39586146, -21.98308913, Eystra-Súlunes          ,     95   ,    44.3  ,   28.5   ,    3.2   ,   4.0   ,  8.7    ,    17.6  ,  8.1  ,  34.3
1339091 , 133909    , 64.54410841, -21.69609561, Syðstu-Fossar           ,     59   ,    42.6  ,   28.4   ,    2.5   ,   4.1   ,  8.3    ,    17.4  ,  7.8  ,  33.4
1343521 , 134352    , 64.54238998, -21.32481647, Oddsstaðir 1            ,    148   ,    39.3  ,   28.2   ,    2.5   ,   4.1   ,  8.4    ,    17.4  ,  7.8  ,  33.5
1344251 , 134425    , 64.65297601, -21.32209959, Kópareykir              ,     68   ,    45.7  ,   27.8   ,    2.9   ,   4.1   ,  8.6    ,    17.8  ,  7.9  ,  34.3
1338441 , 133844    , 65.72189569, -17.37390128, Hellur                  ,    126   ,    40.8  ,   27.4   ,    2.9   ,   4.0   ,  8.1    ,    17.1  ,  7.8  ,  33.0
1343941 , 134394    , 64.66913883, -21.41346666, Deildartunga 1          ,     77   ,    42.6  ,   26.7   ,    3.0   ,   3.7   ,  8.4    ,    17.3  ,  8.0  ,  33.6
1343631 , 134363    , 64.55082462, -21.43307041, Skarð 1                 ,     59   ,    36.1  ,   26.6   ,    2.2   ,   4.0   ,  8.3    ,    17.3  ,  7.8  ,  33.4
1331571 , 133157    , 64.39851395, -21.50946077, Bjarteyjarsandur        ,    188   ,    35.8  ,   26.6   ,    2.3   ,   3.9   ,  8.3    ,    17.1  ,  7.8  ,  33.2
1336941 , 133694    , 64.30478759, -22.02784462, Ytri Hólmur I           ,    224   ,    37.3  ,   26.6   ,    2.6   ,   3.8   ,  8.2    ,    17.1  ,  7.9  ,  33.1
1337951 , 133795    , 64.40481721, -21.92179636, Skorholt                ,    305   ,    42.1  ,   26.5   ,    2.8   ,   3.7   ,  8.2    ,    17.0  ,  7.9  ,  33.0
1347631 , 134763    , 64.82310655, -21.39482222, Dýrastaðir              ,     54   ,    40.1  ,   29.9   ,    2.7   ,   4.0   ,  8.2    ,    17.2  ,  8.0  ,  33.4
1359421 , 135942    , 64.53249312, -22.04973337, Leirulækur              ,     72   ,    41.7  ,   28.1   ,    3.4   ,   3.8   ,  8.3    ,    17.3  ,  8.0  ,  33.6
1347481 , 134748    , 64.78173836, -21.35577008, Sigmundarstaðir         ,    136   ,    40.1  ,   27.4   ,    2.6   ,   3.9   ,  8.3    ,    17.1  ,  8.3  ,  33.6
1360291 , 136029    , 64.74143592, -22.09304243, Staðarhraun             ,    173   ,    40.5  ,   27.4   ,    2.9   ,   3.8   ,  8.3    ,    17.2  ,  7.8  ,  33.2
1347351 , 134735    , 64.71879854, -21.54246526, Höll                    ,    143   ,    39.0  ,   27.1   ,    3.0   ,   3.9   ,  8.2    ,    17.1  ,  8.0  ,  33.3
1348551 , 134855    , 64.67701564, -21.53317262, Bakkakot                ,    207   ,    41.8  ,   26.9   ,    3.0   ,   4.0   ,  8.3    ,    17.2  ,  7.9  ,  33.3
1346611 , 134661    , 64.71055237, -21.20776312, Sámsstaðir              ,    165   ,    43.2  ,   26.9   ,    3.2   ,   3.9   ,  8.3    ,    17.1  ,  7.9  ,  33.3
1360361 , 136036    , 64.58761904, -22.35356258, Traðir                  ,     77   ,    40.3  ,   26.8   ,    3.2   ,   3.8   ,  8.3    ,    17.2  ,  7.9  ,  33.3
1769651 , 176965    , 64.71045517, -21.31096253, Þorgautsstaðir 2        ,    122   ,    37.6  ,   26.7   ,    2.3   ,   4.1   ,  8.3    ,    17.3  ,  7.9  ,  33.5
1346371 , 134637    , 64.70659757, -21.04412318, Bjarnastaðir            ,    137   ,    42.1  ,   26.6   ,    2.8   ,   3.9   ,  8.3    ,    17.1  ,  7.8  ,  33.2
1359931 , 135993    , 64.64591821, -22.07182741, Brúarland               ,     94   ,    37.2  ,   26.2   ,    2.4   ,   3.8   ,  8.3    ,    17.3  ,  7.9  ,  33.5
1346412 , 134641    , 64.72222694,   -20.983883, Gilsbakki               ,    229   ,    43.8  ,   26.2   ,    3.0   ,   3.8   ,  8.3    ,    17.3  ,  7.9  ,  33.5
1348121 , 134812    , 64.84189459, -21.33895881, Hvammur                 ,    127   ,    41.7  ,   26.1   ,    3.2   ,   3.9   ,  8.3    ,    17.2  ,  7.7  ,  33.1
1361341 , 136134    ,  64.8448756, -22.66190223, Fáskrúðarbakki          ,    149   ,    44.2  ,   28.2   ,    3.8   ,   3.8   ,  8.5    ,    17.5  ,  8.0  ,  33.9
1360511 , 136051    , 64.81549893, -22.25468445, Haukatunga 2 Syðri      ,    251   ,    38.9  ,   28.0   ,    2.7   ,   4.0   ,  8.3    ,    17.5  ,  7.9  ,  33.7
1361391 , 136139    , 64.87450148, -22.73973103, Hjarðarfell             ,    370   ,    38.7  ,   27.8   ,    2.6   ,   4.1   ,  8.4    ,    17.4  ,  8.0  ,  33.8
1360851 , 136085    , 64.77387585, -22.30455598, Snorrastaðir 2          ,     66   ,    38.8  ,   27.7   ,    3.7   ,   3.6   ,  8.4    ,    17.4  ,  7.7  ,  33.4
1361421 , 136142    , 64.83523869, -22.79330497, Hofsstaðir              ,    196   ,    33.8  ,   27.5   ,    2.5   ,   3.9   ,  8.2    ,    17.3  ,  8.0  ,  33.5
1360971 , 136097    , 64.84765472, -22.42784897, Dalsmynni               ,     68   ,    42.6  ,   27.5   ,    3.4   ,   3.9   ,  8.4    ,    17.4  ,  7.9  ,  33.6
1369341 , 136934    , 65.04137847, -22.73062582, Helgafell               ,     60   ,    44.6  ,   27.2   ,    2.0   ,   4.0   ,  8.4    ,    17.4  ,  7.9  ,  33.5
1362081 , 136208    , 64.82312227, -22.86404876, Gaul                    ,    135   ,    38.2  ,   27.1   ,    2.8   ,   4.0   ,  8.5    ,    17.4  ,  7.9  ,  33.8
1360661 , 136066    , 64.74508683, -22.30054619, Jörfi                   ,    136   ,    35.3  ,   27.0   ,    1.8   ,   3.9   ,  8.4    ,    17.2  ,  7.9  ,  33.4
1366341 , 136634    , 64.91766061,  -23.2368419, Kverná-Neðri            ,     52   ,    38.5  ,   26.5   ,    2.8   ,   3.8   ,  8.4    ,    17.4  ,  8.1  ,  33.9
7002681 , 700268    , 64.92598232, -23.26025115, Eyrarvegur 12           ,     61   ,    37.9  ,   26.4   ,    2.1   ,   3.9   ,  8.4    ,    17.3  ,  7.9  ,  33.6
1361901 , 136190    , 64.83590601, -23.01112979, Álftavatn               ,    122   ,    38.0  ,   26.4   ,    2.7   ,   3.9   ,  8.3    ,    17.3  ,  8.0  ,  33.6
1360741 , 136074    , 64.82957674, -22.22204906, Mýrdalur                ,    232   ,    42.1  ,   26.4   ,    3.2   ,   3.8   ,  8.3    ,    17.1  ,  7.8  ,  33.2
1361211 , 136121    ,   64.855554, -22.38425974, Þverá                   ,     56   ,    47.7  ,   26.1   ,    3.3   ,   3.7   ,  8.5    ,    16.9  ,  8.2  ,  33.5
1377342 , 137734    , 65.15465746, -21.94113908, Rauðbarðaholt           ,     85   ,    44.9  ,   28.9   ,    4.0   ,   4.1   ,  8.5    ,    17.5  ,  7.9  ,  33.9
1379061 , 137906    , 64.99724199, -21.65280604, Bær                     ,     50   ,    46.0  ,   28.7   ,    3.3   ,   4.1   ,  8.7    ,    17.7  ,  7.9  ,  34.2
1375461 , 137546    , 65.05868369,  -21.5496626, Stóra-Vatnshorn         ,    167   ,    38.8  ,   28.3   ,    3.0   ,   3.9   ,  8.4    ,    17.4  ,  7.8  ,  33.6
1378191 , 137819    , 65.27998692, -22.32616076, Geirmundarstaðir        ,    236   ,    38.1  ,   27.7   ,    2.5   ,   4.0   ,  8.1    ,    17.3  ,  7.9  ,  33.3
1377801 , 137780    , 65.15202371, -22.23595475, Lyngbrekka              ,     77   ,    42.0  ,   27.7   ,    3.6   ,   3.9   ,  8.2    ,    17.1  ,  8.0  ,  33.3
1378261 , 137826    , 65.30903659, -22.24975921, Klifmýri                ,    443   ,    39.6  ,   27.5   ,    2.5   ,   3.9   ,  8.2    ,    17.2  ,  7.8  ,  33.3
1377071 , 137707    , 65.22921637, -21.75437859, Ásgarður                ,     92   ,    41.8  ,   27.5   ,    2.5   ,   4.2   ,  8.3    ,    17.3  ,  7.9  ,  33.4
1375491 , 137549    , 65.05876869, -21.66383715, Vatn                    ,    167   ,    41.7  ,   27.2   ,    3.2   ,   4.0   ,  8.5    ,    17.3  ,  8.0  ,  33.7
1378621 , 137862    , 65.33984843, -21.90696673, Kjarlaksvellir          ,    118   ,    43.2  ,   27.2   ,    3.2   ,   3.8   ,  8.3    ,    17.1  ,  8.0  ,  33.3
1379261 , 137926    , 65.00527008,  -21.5569604, Háafell                 ,     50   ,    44.4  ,   27.0   ,    3.0   ,   3.8   ,  8.3    ,    17.3  ,  7.9  ,  33.5
1379181 , 137918    , 65.00663793, -21.76198093, Geirshlíð               ,     93   ,    39.4  ,   26.8   ,    3.0   ,   3.8   ,  8.2    ,    17.1  ,  8.0  ,  33.3
1379291 , 137929    , 65.03262333, -21.72421832, Harrastaðir             ,     74   ,    41.4  ,   26.8   ,    4.1   ,   4.0   ,  8.4    ,    17.0  ,  8.0  ,  33.4
1377471 , 137747    , 65.13759945,  -22.0365721, Breiðabólsstaður        ,    165   ,    40.3  ,   26.6   ,    3.1   ,   3.8   ,  8.2    ,    17.1  ,  7.9  ,  33.2
1377321 , 137732    , 65.21779963, -21.74583317, Magnússkógar 3          ,    116   ,    41.1  ,   26.6   ,    3.1   ,   3.8   ,  8.3    ,    17.0  ,  7.8  ,  33.1
1379651 , 137965    , 65.00256595, -21.68045376, Skörð                   ,    200   ,    38.9  ,   26.6   ,    3.2   ,   3.6   ,  8.3    ,    17.0  ,  7.8  ,  33.1
1378011 , 137801    , 65.13303162, -22.06864288, Valþúfa                 ,    154   ,    44.5  ,   26.6   ,    3.7   ,   3.6   ,  8.2    ,    17.0  ,  7.8  ,  33.0
1377361 , 137736    , 65.21046198, -21.80102432, Skerðingsstaðir         ,    115   ,    39.6  ,   26.5   ,    3.2   ,   3.8   ,  8.5    ,    17.3  ,  7.9  ,  33.6
1375901 , 137590    , 65.14997251, -21.56912893, Svarfhóll               ,    309   ,    38.7  ,   26.2   ,    2.4   ,   3.8   ,  8.3    ,    17.0  ,  7.9  ,  33.2
1378851 , 137885    , 65.39979639, -21.89514429, Stóra-Holt              ,    117   ,    43.1  ,   26.2   ,    2.7   ,   4.0   ,  8.1    ,    17.1  ,  7.9  ,  33.1
1379591 , 137959    , 65.01109218, -21.63011007, Sauðafell               ,    162   ,    42.7  ,   26.2   ,    3.7   ,   3.6   ,  8.3    ,    17.0  ,  8.2  ,  33.5
1404451 , 140445    , 65.73395709, -23.82917579, Grænahlíð               ,    296   ,    40.1  ,   27.0   ,    3.0   ,   3.9   ,  8.3    ,    17.1  ,  8.0  ,  33.3
1404401 , 140440    ,  65.6018788, -23.54333552, Foss                    ,    104   ,    40.8  ,   26.8   ,    3.1   ,   3.9   ,  8.4    ,    17.3  ,  8.2  ,  33.8
1395331 , 139533    , 65.48500286, -22.35483204, Árbær                   ,    178   ,    44.3  ,   26.7   ,    3.4   ,   4.0   ,  8.6    ,    17.7  ,  8.4  ,  34.6
1396051 , 139605    , 65.50111838, -21.96744792, Kambur                  ,     77   ,    42.0  ,   26.2   ,    3.2   ,   3.9   ,  8.3    ,    17.3  ,  8.4  ,  34.0
1395341 , 139534    , 65.48570094, -21.88441252, Bakki                   ,    212   ,    38.3  ,   26.1   ,    3.9   ,   3.9   ,  8.2    ,    16.9  ,  8.0  ,  33.0
1396391 , 139639    , 65.44926208, -22.20569872, Reykhólar               ,    198   ,    45.5  ,   26.0   ,    4.5   ,   3.7   ,  8.2    ,    17.1  ,  8.2  ,  33.4
1395021 , 139502    , 66.15877742, -23.28697352, Minni-Hlíð              ,    157   ,    38.5  ,   27.9   ,    3.1   ,   3.9   ,  8.3    ,    17.4  ,  8.0  ,  33.6
1412401 , 141240    , 66.08244275, -23.34634766, Birkihlíð               ,     99   ,    39.6  ,   27.6   ,    2.9   ,   4.1   ,  8.3    ,    17.3  ,  8.1  ,  33.7
1414211 , 141421    , 65.96219491, -23.04868491, Minni-Hattardalur       ,     73   ,    42.6  ,   27.3   ,    3.1   ,   4.1   ,  8.3    ,    17.4  ,  7.9  ,  33.6
1412421 , 141242    , 66.08088476, -23.36698788, Botn 2                  ,    108   ,    38.9  ,   27.0   ,    2.9   ,   3.9   ,  8.3    ,    17.3  ,  8.2  ,  33.8
1412551 , 141255    , 66.11582181, -23.56294669, Staður                  ,    132   ,    38.8  ,   26.8   ,    2.8   ,   4.0   ,  8.3    ,    17.3  ,  8.0  ,  33.6
1406331 , 140633    , 65.86697297, -23.56234811, Hólar                   ,    151   ,    41.7  ,   26.7   ,    3.1   ,   4.0   ,  8.4    ,    17.3  ,  8.1  ,  33.7
1410231 , 141023    , 65.97833628, -23.43831443, Tröð                    ,     88   ,    43.5  ,   26.7   ,    3.1   ,   3.7   ,  8.2    ,    17.0  ,  8.0  ,  33.1
1406621 , 140662    , 65.85018797, -23.54799225, Kirkjuból               ,    180   ,    38.3  ,   26.3   ,    2.8   ,   4.0   ,  8.3    ,    17.2  ,  8.0  ,  33.5
1406601 , 140660    , 65.85334717, -23.34726824, Ketilseyri              ,    348   ,    38.6  ,   26.3   ,    3.1   ,   3.8   ,  8.2    ,    17.2  ,  8.1  ,  33.4
1421531 , 142153    , 65.55367498, -21.46699484, Stóra-Fjarðarhorn       ,    185   ,    43.4  ,   30.1   ,    2.9   ,   3.9   ,  8.3    ,    17.4  ,  8.4  ,  34.0
1421271 , 142127    , 65.64445158, -21.47438356, Smáhamrar 2             ,    269   ,    45.5  ,   29.4   ,    3.5   ,   4.1   ,  8.5    ,    17.6  ,  8.0  ,  34.1
1421401 , 142140    ,  65.5972086,  -21.3647344, Broddanes 1             ,    156   ,    42.1  ,   28.9   ,    3.8   ,   3.9   ,  8.5    ,    17.6  ,  8.0  ,  34.0
1417431 , 141743    , 65.76364944, -21.68481846, Bassastaðir             ,    173   ,    45.6  ,   28.8   ,    3.8   ,   4.1   ,  8.4    ,    17.7  ,  8.1  ,  34.2
1416391 , 141639    , 66.03174096, -22.34318959, Skjaldfönn              ,     86   ,    48.3  ,   28.6   ,    3.7   ,   3.8   ,  8.4    ,    17.3  ,  7.5  ,  33.2
1421241 , 142124    , 65.62891224,  -21.6226772, Miðdalsgröf             ,    237   ,    40.4  ,   28.1   ,    3.1   ,   4.1   ,  8.3    ,    17.3  ,  8.2  ,  33.8
1421601 , 142160    ,   65.480028, -21.43583575, Gröf                    ,    132   ,    43.6  ,   28.1   ,    3.5   ,   3.9   ,  8.3    ,    17.1  ,  8.3  ,  33.7
1421151 , 142115    , 65.64662375, -21.64296164, Húsavík                 ,    215   ,    41.8  ,   27.9   ,    2.9   ,   3.9   ,  8.2    ,    17.3  ,  8.1  ,  33.6
1416671 , 141667    , 66.00884379, -21.50225106, Bær                     ,    205   ,    40.1  ,   27.7   ,    3.1   ,   3.7   ,  8.3    ,    17.3  ,  8.0  ,  33.5
1422111 , 142211    ,  65.2580505, -21.19136044, Laxárdalur 3            ,    212   ,    43.4  ,   27.7   ,    3.4   ,   4.1   ,  8.2    ,    17.3  ,  8.2  ,  33.7
1421131 , 142113    , 65.63584479, -21.52976769, Heydalsá 1 og 3         ,    360   ,    42.4  ,   27.4   ,    2.5   ,   3.8   ,  8.3    ,    17.3  ,  8.3  ,  33.9
1416951 , 141695    , 66.02658254, -21.54336055, Melar 1                 ,    150   ,    39.5  ,   27.4   ,    3.1   ,   3.9   ,  8.4    ,    17.7  ,  8.0  ,  34.0
1421311 , 142131    ,  65.6282017, -21.69096305, Tröllatunga             ,    234   ,    41.3  ,   27.2   ,    2.7   ,   3.7   ,  8.2    ,    17.3  ,  8.0  ,  33.5
1421851 , 142185    , 65.28871682, -21.19698915, Bær 2                   ,    154   ,    43.4  ,   27.2   ,    4.0   ,   3.9   ,  8.3    ,    17.3  ,  8.1  ,  33.5
1421351 , 142135    , 65.63834702,  -21.4719633, Þorpar                  ,    186   ,    41.3  ,   27.0   ,    3.3   ,   4.0   ,  8.3    ,    17.2  ,  8.2  ,  33.7
1416921 , 141692    , 66.04705974, -21.50367436, Krossnes                ,     74   ,    39.4  ,   26.8   ,    3.0   ,   3.7   ,  8.3    ,    17.0  ,  8.1  ,  33.3
1422311 , 142231    , 65.18262946, -21.10043364, Valdasteinsstaðir       ,    157   ,    42.9  ,   26.6   ,    2.9   ,   3.8   ,  8.1    ,    17.1  ,  7.9  ,  33.1
1418831 , 141883    , 65.73028167, -21.68752412, Ytri-Ós                 ,    152   ,    39.6  ,   26.6   ,    3.3   ,   3.9   ,  8.1    ,    17.1  ,  8.2  ,  33.4
1422051 , 142205    , 65.35127361, -21.18756034, Kollsá 2                ,    135   ,    42.5  ,   26.6   ,    3.8   ,   3.9   ,  8.3    ,    17.2  ,  8.4  ,  33.9
1416651 , 141665    , 66.01224827, -21.51417939, Árnes 2                 ,     51   ,    40.4  ,   26.4   ,    3.5   ,   3.7   ,  8.5    ,    17.4  ,  8.0  ,  33.8
1421581 , 142158    , 65.51916752, -21.31875389, Bræðrabrekka            ,    116   ,    41.2  ,   26.3   ,    3.4   ,   3.9   ,  8.1    ,    16.8  ,  8.2  ,  33.0
1416941 , 141694    , 66.02132126, -21.42339632, Litla Ávík              ,     73   ,    39.4  ,   26.1   ,    2.9   ,   3.6   ,  8.2    ,    17.2  ,  8.4  ,  33.7
1422251 , 142225    , 65.45751628, -21.27179327, Skálholtsvík 2          ,    237   ,    41.3  ,   26.1   ,    3.9   ,   3.6   ,  8.3    ,    17.2  ,  8.0  ,  33.4
1422141 , 142214    , 65.30571753, -21.19930348, Ljótunnarstaðir 1       ,     51   ,    38.3  ,   26.0   ,    3.5   ,   3.8   ,  8.1    ,    16.7  ,  8.1  ,  32.9
1441001 , 144100    , 65.31034665, -20.84391834, Bergsstaðir             ,    176   ,    43.4  ,   30.1   ,    3.6   ,   4.2   ,  8.6    ,    17.7  ,  7.8  ,  34.1
1441611 , 144161    , 65.29326623, -20.82876788, Syðri-Urriðaá           ,    184   ,    42.2  ,   29.4   ,    3.1   ,   4.5   ,  8.4    ,    17.5  ,  7.8  ,  33.7
1444571 , 144457    , 65.56410658, -20.93706157, Bergsstaðir             ,    159   ,    42.8  ,   29.2   ,    2.8   ,   4.0   ,  8.4    ,    17.4  ,  7.9  ,  33.7
1440161 , 144016    , 65.13107232, -21.05552384, Bálkastaðir 1           ,    100   ,    42.6  ,   28.9   ,    3.3   ,   4.1   ,  8.1    ,    17.1  ,  7.9  ,  33.1
1441411 , 144141    , 65.31130035, -21.05585045, Mýrar 2                 ,    242   ,    42.7  ,   28.8   ,    3.1   ,   4.3   ,  8.4    ,    17.3  ,  7.8  ,  33.5
1441442 , 144144    , 65.30313836, -20.83972594, Neðri-Torfustaðir       ,    112   ,    42.5  ,   28.6   ,    3.1   ,   4.1   ,  8.3    ,    17.3  ,  8.0  ,  33.5
1441401 , 144140    , 65.31262709, -21.05859341, Mýrar                   ,    127   ,    42.5  ,   28.3   ,    3.3   ,   4.1   ,  8.3    ,    17.2  ,  7.9  ,  33.4
1441421 , 144142    , 65.30797906, -21.05843874, Mýrar 3                 ,     72   ,    41.6  ,   28.1   ,    3.4   ,   3.9   ,  8.2    ,    17.1  ,  7.9  ,  33.1
1440651 , 144065    , 65.24504209, -20.82000267, Bjargshóll              ,     92   ,    44.9  ,   28.0   ,    3.6   ,   4.1   ,  8.4    ,    17.3  ,  8.0  ,  33.6
1444931 , 144493    , 65.35575642, -20.75516327, Neðra-Vatnshorn         ,    137   ,    41.5  ,   27.8   ,    3.0   ,   4.0   ,  8.3    ,    17.1  ,  8.0  ,  33.3
1445021 , 144502    , 65.53164245, -20.94967963, Syðri-Sauðadalsá        ,    174   ,    42.4  ,   27.8   ,    3.2   ,   3.7   ,  8.5    ,    17.3  ,  8.1  ,  33.8
1440771 , 144077    , 65.18369264, -20.78468476, Haugur                  ,     66   ,    43.5  ,   27.7   ,    3.7   ,   3.8   ,  8.3    ,    17.4  ,  7.9  ,  33.6
1445631 , 144563    , 65.65428416, -20.72553273, Saurbær                 ,    215   ,    44.9  ,   27.4   ,    3.7   ,   3.9   ,  8.2    ,    17.1  ,  8.1  ,  33.4
1440201 , 144020    ,  65.2014819, -21.06238814, Brautarholt             ,     87   ,    43.2  ,   27.2   ,    3.4   ,   3.9   ,  8.3    ,    17.2  ,  8.0  ,  33.5
1440621 , 144062    ,  65.2023361,  -20.7720271, Barkarstaðir            ,    237   ,    39.9  ,   27.1   ,    3.0   ,   3.8   ,  8.2    ,    17.0  ,  7.7  ,  32.8
1440561 , 144056    , 65.22698095, -21.07526037, Þóroddsstaðir           ,    234   ,    40.6  ,   26.8   ,    2.4   ,   4.1   ,  8.1    ,    17.0  ,  7.9  ,  33.0
1440821 , 144082    , 65.26833642, -20.80958595, Ytra-Bjarg              ,     67   ,    44.3  ,   26.7   ,    3.2   ,   4.0   ,  8.4    ,    17.1  ,  7.9  ,  33.3
1445141 , 144514    , 65.35877815,  -20.7429183, Vatnshóll               ,    239   ,    39.7  ,   26.6   ,    3.0   ,   3.8   ,  8.3    ,    17.3  ,  8.3  ,  33.8
1445161 , 144516    , 65.57475582, -20.82130697, Þorgrímsstaðir          ,     84   ,    40.0  ,   26.6   ,    3.3   ,   3.9   ,  8.2    ,    17.3  ,  8.0  ,  33.4
1444681 , 144468    , 65.35852978, -20.86031299, Grafarkot               ,     79   ,    40.7  ,   26.6   ,    3.6   ,   3.9   ,  8.2    ,    17.0  ,  8.0  ,  33.3
1446411 , 144641    , 65.35323886, -20.60780699, Víðidalstunga           ,    195   ,    39.2  ,   26.5   ,    2.8   ,   3.8   ,  8.1    ,    17.0  ,  7.7  ,  32.7
1445481 , 144548    , 65.66998467, -20.65313833, Krossanes               ,    112   ,    42.9  ,   26.5   ,    3.3   ,   3.9   ,  8.2    ,    17.2  ,  8.0  ,  33.3
1446431 , 144643    , 65.35283767, -20.61094152, Víðidalstunga 2         ,     92   ,    40.9  ,   26.4   ,    2.5   ,   3.6   ,  8.2    ,    17.1  ,  8.0  ,  33.2
1440351 , 144035    , 65.09793505,  -21.0785346, Óspaksstaðir            ,     62   ,    40.3  ,   26.4   ,    3.0   ,   3.7   ,  8.0    ,    16.7  ,  8.0  ,  32.7
1440151 , 144015    , 65.22891667, -21.07643079, Akurbrekka              ,    121   ,    39.0  ,   26.0   ,    3.4   ,   3.6   ,  8.3    ,    17.2  ,  8.0  ,  33.4
1447401 , 144740    , 65.57338967, -20.37002996, Akur                    ,     89   ,    41.9  ,   31.2   ,    3.5   ,   4.4   ,  8.5    ,    17.7  ,  8.0  ,  34.1
1453191 , 145319    , 65.50222065, -19.94844763, Stekkjardalur           ,     87   ,    43.1  ,   29.5   ,    3.7   ,   4.0   ,  8.4    ,    17.5  ,  8.3  ,  34.1
1447411 , 144741    ,  65.6223198, -20.29131784, Árholt                  ,     50   ,    41.2  ,   28.9   ,    4.1   ,   4.0   ,  8.7    ,    17.7  ,  7.9  ,  34.1
1447211 , 144721    , 65.54680217, -20.34759883, Litla-Giljá             ,     83   ,    42.9  ,   28.8   ,    3.9   ,   4.0   ,  8.5    ,    17.3  ,  8.0  ,  33.8
1447291 , 144729    , 65.50631741, -20.37355174, Sveinsstaðir            ,    148   ,    42.4  ,   28.5   ,    4.1   ,   3.9   ,  8.2    ,    17.1  ,  7.9  ,  33.1
1446601 , 144660    , 65.30340853, -20.10483656, Forsæludalur            ,    117   ,    42.8  ,   28.4   ,    3.6   ,   3.6   ,  8.1    ,    17.0  ,  8.0  ,  33.0
1453401 , 145340    , 65.44051451, -19.70843752, Bergsstaðir             ,     65   ,    41.6  ,   28.1   ,    3.6   ,   4.1   ,  8.5    ,    17.3  ,  7.8  ,  33.6
1454191 , 145419    ,  65.5892268, -20.07602175, Fagranes                ,     50   ,    41.7  ,   28.0   ,    3.2   ,   3.9   ,  8.5    ,    17.1  ,  7.9  ,  33.4
1453391 , 145339    , 65.44594781, -19.72227451, Barkarstaðir            ,     80   ,    41.8  ,   27.9   ,    3.3   ,   4.0   ,  8.2    ,    17.0  ,  8.0  ,  33.2
1446761 , 144676    , 65.38347924,  -20.2264614, Hof                     ,    123   ,    42.2  ,   27.7   ,    2.9   ,   3.8   ,  8.3    ,    17.3  ,  8.1  ,  33.6
1458761 , 145876    , 66.10454715, -20.21612781, Víkur                   ,     67   ,    41.7  ,   27.6   ,    2.9   ,   3.9   ,  8.2    ,    17.1  ,  7.9  ,  33.1
1447281 , 144728    , 65.51918346, -20.37835585, Steinnes                ,    349   ,    40.5  ,   27.6   ,    2.9   ,   3.6   ,  8.3    ,    17.2  ,  7.9  ,  33.2
1454391 , 145439    , 65.72004891, -20.17915591, Neðri-Mýrar             ,     91   ,    39.7  ,   27.6   ,    3.1   ,   4.1   ,  8.1    ,    17.1  ,  8.0  ,  33.2
1447161 , 144716    , 65.46278288, -20.33804704, Hnjúkur                 ,    120   ,    43.3  ,   27.6   ,    3.3   ,   4.0   ,  8.3    ,    17.2  ,  7.8  ,  33.2
1453801 , 145380    , 65.43183926, -19.70102832, Leifsstaðir 1           ,     62   ,    39.9  ,   27.5   ,    3.6   ,   4.2   ,  8.3    ,    17.1  ,  7.8  ,  33.1
1453081 , 145308    , 65.49014303, -19.96051623, Litlidalur              ,     73   ,    42.1  ,   27.4   ,    2.8   ,   4.0   ,  8.2    ,    17.2  ,  7.8  ,  33.1
1458451 , 145845    , 66.07526291, -20.36558309, Hafnir                  ,    108   ,    42.0  ,   27.2   ,    3.3   ,   3.7   ,  8.3    ,    17.2  ,  8.0  ,  33.5
1447581 , 144758    ,  65.5735708,  -20.2702342, Hæll                    ,    257   ,    41.0  ,   27.1   ,    3.3   ,   3.7   ,  8.2    ,    17.3  ,  7.9  ,  33.4
1453031 , 145303    , 65.46874565, -19.83174572, Höllustaðir 2           ,     87   ,    42.0  ,   27.1   ,    3.4   ,   3.7   ,  8.1    ,    17.0  ,  7.8  ,  32.9
1452972 , 145297    , 65.49403907, -20.03662903, Holt                    ,    150   ,    40.8  ,   27.1   ,    3.7   ,   4.1   ,  8.2    ,    16.8  ,  8.0  ,  33.0
1454471 , 145447    , 65.70966773,   -20.266224, Sölvabakki              ,    165   ,    44.2  ,   27.0   ,    3.4   ,   3.8   ,  8.2    ,    17.2  ,  7.9  ,  33.2
1447801 , 144780    , 65.54168672, -20.21209561, Reykir                  ,    114   ,    41.2  ,   26.7   ,    3.1   ,   3.8   ,  8.1    ,    17.0  ,  8.0  ,  33.1
1453711 , 145371    ,  65.5741743, -19.99820252, Hólabær                 ,    149   ,    39.0  ,   26.6   ,    3.2   ,   4.0   ,  8.2    ,    17.2  ,  7.9  ,  33.3
1454741 , 145474    , 65.76113645, -20.26131211, Syðri-Ey                ,    129   ,    40.5  ,   26.4   ,    3.3   ,   3.7   ,  8.1    ,    16.9  ,  8.0  ,  33.0
1446841 , 144684    , 65.40030733, -20.27877705, Kornsá                  ,    130   ,    38.2  ,   26.2   ,    2.9   ,   3.7   ,  8.2    ,    16.9  ,  8.1  ,  33.2
1447061 , 144706    , 65.54321887, -20.34295593, Brekka                  ,     99   ,    37.5  ,   26.1   ,    2.3   ,   3.8   ,  8.1    ,    16.9  ,  7.8  ,  32.7
1454121 , 145412    , 65.66398776, -20.21680167, Breiðavað               ,    174   ,    37.8  ,   26.1   ,    2.4   ,   3.5   ,  8.2    ,    17.2  ,  7.8  ,  33.2
1454671 , 145467    , 65.77676207, -20.22887822, Kambakot                ,    115   ,    39.9  ,   26.1   ,    2.9   ,   3.7   ,  8.3    ,    17.2  ,  8.4  ,  33.8
1459791 , 145979    , 65.61694364, -19.58169174, Hóll                    ,     52   ,    47.0  ,   31.5   ,    3.8   ,   4.0   ,  8.8    ,    17.8  ,  7.9  ,  34.4
1464871 , 146487    , 65.79539574, -19.28925984, Sleitustaðir            ,     77   ,    44.0  ,   29.8   ,    3.5   ,   3.9   ,  8.6    ,    17.4  ,  8.0  ,  33.9
1459971 , 145997    , 65.60152751, -19.56868335, Árgerði                 ,     78   ,    42.2  ,   29.6   ,    3.2   ,   4.0   ,  8.5    ,    17.6  ,  7.9  ,  34.1
1463901 , 146390    , 65.66249028, -19.47658091, Keldudalur              ,     53   ,    41.3  ,   29.1   ,    2.8   ,   3.9   ,  8.4    ,    17.8  ,  7.9  ,  34.1
1464111 , 146411    , 65.68338978, -19.38300069, Ytri-Hofdalir           ,     74   ,    46.8  ,   29.1   ,    3.6   ,   3.9   ,  8.5    ,    17.5  ,  8.2  ,  34.2
1464212 , 146421    , 65.68111334, -19.38310085, Atlastaðir              ,    238   ,    43.1  ,   29.0   ,    3.3   ,   3.6   ,  8.5    ,    17.5  ,  7.9  ,  33.8
1469171 , 146917    ,  65.9373066, -18.92570033, Þrasastaðir             ,    130   ,    42.2  ,   28.7   ,    2.4   ,   3.7   ,  8.1    ,    17.1  ,  8.1  ,  33.3
1459621 , 145962    ,  65.7523712, -19.72527058, Veðramót 1              ,     74   ,    43.5  ,   28.7   ,    3.9   ,   3.8   ,  8.3    ,    17.3  ,  8.0  ,  33.5
1460761 , 146076    , 65.54727081, -19.37508065, Vallanes                ,     59   ,    45.3  ,   28.6   ,    2.6   ,   4.0   ,  8.4    ,    17.7  ,  7.9  ,  33.9
1463371 , 146337    , 65.48049729, -19.26813336, Sólheimagerði           ,     51   ,    42.5  ,   28.5   ,    3.5   ,   3.8   ,  8.2    ,    17.6  ,  7.7  ,  33.5
1460651 , 146065    , 65.58738269, -19.49955448, Syðra-Skörðugil         ,    234   ,    40.4  ,   28.4   ,    2.5   ,   3.7   ,  8.2    ,    17.5  ,  7.7  ,  33.3
1462791 , 146279    , 65.41802773, -19.15889141, Flatatunga              ,     95   ,    44.7  ,   28.3   ,    2.8   ,   4.1   ,  8.2    ,    17.4  ,  7.7  ,  33.2
1459011 , 145901    , 66.05207266, -20.01999455, Keta                    ,    104   ,    42.8  ,   28.3   ,    3.0   ,   4.0   ,  8.4    ,    17.4  ,  7.9  ,  33.6
1464821 , 146482    , 65.65982634, -19.08568112, Reykir                  ,     62   ,    41.2  ,   28.2   ,    2.2   ,   4.1   ,  8.3    ,    17.2  ,  8.1  ,  33.7
1464711 , 146471    ,  65.7449516, -19.18963049, Kjarvalsstaðir          ,     73   ,    38.6  ,   28.0   ,    2.6   ,   3.9   ,  8.3    ,    17.1  ,  8.0  ,  33.3
1525071 , 152507    , 65.67155678, -18.40080308, Ytri-Bægisá 1           ,     58   ,    39.4  ,   31.2   ,    2.5   ,   3.9   ,  8.5    ,    17.7  ,  7.7  ,  33.8
1530251 , 153025    , 65.94383744, -18.14238871, Bárðartjörn             ,    114   ,    42.2  ,   31.0   ,    2.9   ,   4.3   ,  8.1    ,    17.5  ,  7.8  ,  33.4
1524461 , 152446    , 65.66689562, -18.40580072, Syðri-Bægisá            ,     80   ,    40.0  ,   30.3   ,    2.7   ,   3.8   ,  8.6    ,    17.9  ,  8.0  ,  34.4
1519321 , 151932    ,  65.9050812, -18.56096407, Hof                     ,     75   ,    45.4  ,   30.2   ,    2.6   ,   3.7   ,  8.2    ,    17.1  ,  8.0  ,  33.2
1519121 , 151912    , 65.85710705, -18.72632324, Búrfell                 ,     52   ,    43.0  ,   30.0   ,    2.8   ,   3.7   ,  8.5    ,    17.7  ,  8.2  ,  34.5
1526561 , 152656    , 65.53839166, -22.06398379, Hríshóll                ,     58   ,    39.2  ,   29.6   ,    2.4   ,   4.4   ,  8.5    ,    17.7  ,  7.9  ,  34.1
1525981 , 152598    , 65.60142941, -17.98748271, Garðsá                  ,     67   ,    38.9  ,   29.4   ,    2.0   ,   3.7   ,  8.1    ,    17.0  ,  7.9  ,  32.9
1524091 , 152409    , 65.71893637, -18.36624767, Skriða                  ,     77   ,    40.7  ,   29.2   ,    2.4   ,   3.8   ,  8.6    ,    17.7  ,  8.0  ,  34.2
1513571 , 151357    ,  65.9490794, -18.48034052, Háls                    ,     77   ,    42.1  ,   29.0   ,    2.2   ,   3.8   ,  8.2    ,    17.3  ,  8.2  ,  33.6
1526221 , 152622    , 65.39898991, -18.25344503, Gullbrekka              ,     73   ,    38.6  ,   29.0   ,    3.2   ,   4.4   ,  8.4    ,    17.6  ,  8.7  ,  34.6
1525161 , 152516    , 65.69585624, -18.36548146, Neðri-Vindheimar        ,     77   ,    42.3  ,   28.8   ,    3.4   ,   3.7   ,  8.3    ,    17.3  ,  7.9  ,  33.5
1519101 , 151910    , 65.91593649, -18.58185295, Brekka                  ,     60   ,    42.0  ,   28.6   ,    3.1   ,   3.7   ,  8.4    ,    17.3  ,  8.0  ,  33.7
1530241 , 153024    , 65.88615048,  -18.0782994, Áshóll                  ,    137   ,    42.6  ,   28.5   ,    3.0   ,   4.1   ,  8.1    ,    17.4  ,  8.1  ,  33.6
1521771 , 152177    , 65.94377258, -18.42511317, Stóru-Hámundarstaðir    ,     82   ,    39.7  ,   28.2   ,    2.1   ,   3.6   ,  8.2    ,    17.2  ,  8.0  ,  33.4
1523261 , 152326    ,  65.8562897, -18.26294759, Kjarni                  ,     69   ,    40.0  ,   28.2   ,    2.8   ,   3.6   ,  8.2    ,    17.3  ,  8.3  ,  33.8
1528421 , 152842    , 65.32704796, -18.29398274, Ytri-Villingadalur      ,     53   ,    41.0  ,   28.0   ,    3.0   ,   3.8   ,  8.5    ,    17.2  ,  8.6  ,  34.3
1533271 , 153327    , 65.72481371, -17.77747669, Sigríðarstaðir          ,     50   ,    43.7  ,   32.3   ,    3.1   ,   4.3   ,  8.3    ,    17.6  ,  7.9  ,  33.8
1537711 , 153771    , 65.69581977, -17.51587212, Ingjaldsstaðir          ,    144   ,    40.7  ,   31.9   ,    2.9   ,   4.4   ,  8.3    ,    17.7  ,  8.2  ,  34.1
1534591 , 153459    , 65.70811116, -17.72561882, Stóru-Tjarnir           ,     72   ,    41.6  ,   31.4   ,    3.1   ,   4.3   ,  8.3    ,    17.5  ,  7.9  ,  33.7
1540071 , 154007    , 65.89596463, -17.31390847, Litlu-Reykir            ,    165   ,    38.3  ,   31.2   ,    2.8   ,   4.5   ,  8.3    ,    17.9  ,  7.9  ,  34.0
1537471 , 153747    , 65.69416059, -17.51777358, Heiðarbraut             ,     73   ,    41.2  ,   31.0   ,    2.8   ,   4.3   ,  8.2    ,    17.6  ,  8.1  ,  33.7
1532211 , 153221    , 65.82667515, -17.88506427, Böðvarsnes              ,     53   ,    44.8  ,   31.0   ,    3.4   ,   4.3   ,  8.3    ,    17.6  ,  7.9  ,  33.8
1540331 , 154033    , 66.19734538, -17.11006809, Árholt                  ,     88   ,    38.1  ,   30.9   ,    2.9   ,   4.4   ,  8.3    ,    17.7  ,  8.0  ,  33.9
1533841 , 153384    ,  65.8610976, -17.90104181, Þverá                   ,    145   ,    40.6  ,   30.8   ,    3.0   ,   4.3   ,  8.3    ,    17.6  ,  7.9  ,  33.7
1540131 , 154013    , 65.95807766,  -17.3195674, Skarðaborg              ,    150   ,    39.9  ,   30.6   ,    2.5   ,   4.4   ,  8.4    ,    17.8  ,  7.9  ,  34.0
1534261 , 153426    , 65.70536798,  -17.5499787, Hrifla                  ,    218   ,    38.1  ,   30.5   ,    2.6   ,   4.3   ,  8.3    ,    17.5  ,  8.0  ,  33.7
1538471 , 153847    , 65.80484613,  -17.4058908, Fagraneskot             ,     52   ,    39.8  ,   30.5   ,    2.9   ,   4.4   ,  8.3    ,    17.6  ,  8.0  ,  33.8
1532911 , 153291    , 65.70675713, -17.76072738, Kambsstaðir             ,     79   ,    42.7  ,   30.5   ,    3.0   ,   4.2   ,  8.2    ,    17.5  ,  7.9  ,  33.5
1534341 , 153434    , 65.70714983, -17.63671765, Kross                   ,     77   ,    42.6  ,   30.2   ,    2.8   ,   4.2   ,  8.2    ,    17.5  ,  7.8  ,  33.4
1534891 , 153489    , 65.60290828, -17.51793712, Hlíðarendi              ,    114   ,    36.6  ,   30.1   ,    2.5   ,   4.4   ,  8.3    ,    17.6  ,  7.9  ,  33.8
1538821 , 153882    , 65.85326448, -17.35701417, Yzti-Hvammur            ,    112   ,    38.8  ,   29.9   ,    2.8   ,   4.3   ,  8.2    ,    17.8  ,  7.9  ,  33.8
1540282 , 154028    , 65.91905337, -17.30710786, Þverá                   ,     87   ,    42.7  ,   29.8   ,    2.9   ,   4.2   ,  8.2    ,    17.5  ,  7.9  ,  33.5
1533661 , 153366    , 65.78585489, -17.91597971, Vatnsleysa              ,    107   ,    40.8  ,   29.3   ,    2.5   ,   4.2   ,  8.1    ,    17.4  ,  8.0  ,  33.4
1535272 , 153527    ,  65.6680306, -17.53670115, Úlfsbær                 ,     69   ,    37.7  ,   29.3   ,    2.6   ,   4.1   ,  8.1    ,    17.2  ,  7.8  ,  33.0
1538441 , 153844    , 65.85283892, -17.29415521, Brúnahlíð               ,     60   ,    42.7  ,   29.3   ,    2.6   ,   4.2   ,  8.2    ,    17.5  ,  7.8  ,  33.5
1532321 , 153232    , 65.74777502, -17.83734188, Fornhólar               ,     91   ,    41.7  ,   29.3   ,    2.8   ,   4.2   ,  8.2    ,    17.6  ,  8.0  ,  33.7
1535261 , 153526    , 65.34106621, -17.24778969, Svartárkot              ,    147   ,    37.4  ,   29.2   ,    2.7   ,   4.2   ,  8.1    ,    17.3  ,  7.8  ,  33.2
1533991 , 153399    , 65.95295462, -17.59356513, Björg                   ,     54   ,    43.4  ,   29.2   ,    2.8   ,   4.2   ,  8.1    ,    17.5  ,  7.9  ,  33.4
1534181 , 153418    , 65.78364349, -17.58829041, Hlíð                    ,     95   ,    44.7  ,   29.2   ,    3.2   ,   4.3   ,  8.3    ,    17.7  ,  7.8  ,  33.7
1537111 , 153711    , 65.71940729, -17.23002645, Auðnir                  ,     56   ,    47.6  ,   29.0   ,    2.9   ,   4.2   ,  8.2    ,    17.2  ,  7.8  ,  33.2
1540431 , 154043    , 66.08170291, -17.31485068, Héðinshöfði 2           ,     99   ,    35.9  ,   28.9   ,    2.6   ,   4.3   ,  8.2    ,    17.6  ,  7.9  ,  33.7
1540581 , 154058    , 66.18150325, -17.20520807, Syðri-Sandhólar         ,    111   ,    41.6  ,   28.9   ,    2.9   ,   3.9   ,  8.5    ,    17.5  ,  7.9  ,  33.9
1534871 , 153487    ,  65.4482811, -17.41267195, Halldórsstaðir 2        ,    140   ,    41.6  ,   28.7   ,    2.4   ,   3.8   ,  8.3    ,    17.5  ,  7.9  ,  33.7
1533461 , 153346    , 65.76281425, -17.87307319, Sólvangur               ,    155   ,    41.6  ,   28.6   ,    3.1   ,   4.1   ,  8.2    ,    17.4  ,  7.8  ,  33.3
1538071 , 153807    , 65.62808323, -17.32142356, Stafn 1                 ,    110   ,    34.7  ,   28.4   ,    2.5   ,   4.2   ,  8.2    ,    17.3  ,  8.2  ,  33.6
1535671 , 153567    , 65.53898398, -16.99440404, Grænavatn I             ,     68   ,    32.0  ,   28.4   ,    2.5   ,   4.2   ,  8.2    ,    17.1  ,  7.9  ,  33.1
1534771 , 153477    , 65.43532665, -17.34470818, Bjarnastaðir            ,    128   ,    39.9  ,   28.3   ,    2.8   ,   4.0   ,  8.0    ,    17.1  ,  7.9  ,  33.0
1535281 , 153528    , 65.41798291,  -17.2801344, Víðiker                 ,    138   ,    41.7  ,   28.0   ,    2.6   ,   4.0   ,  8.1    ,    17.2  ,  7.9  ,  33.1
1541441 , 154144    , 66.29042634, -16.42412619, Brekka                  ,     97   ,    38.6  ,   31.7   ,    2.8   ,   4.6   ,  8.5    ,    17.7  ,  7.9  ,  34.0
1545671 , 154567    , 66.15607135, -15.51292624, Laxárdalur 1            ,    154   ,    39.5  ,   31.4   ,    2.8   ,   4.5   ,  8.3    ,    17.5  ,  7.9  ,  33.7
1542241 , 154224    , 66.29735744, -16.42215299, Snartarstaðir II        ,    155   ,    41.3  ,   31.2   ,    3.2   ,   4.6   ,  8.6    ,    17.8  ,  7.8  ,  34.2
1545521 , 154552    , 66.20230806,  -15.7666241, Hagaland                ,     56   ,    40.5  ,   30.9   ,    2.4   ,   4.8   ,  8.7    ,    17.9  ,  8.0  ,  34.5
1545581 , 154558    , 66.12450869, -15.42100027, Hvammur 2               ,     72   ,    43.6  ,   30.9   ,    2.9   ,   4.6   ,  8.3    ,    17.5  ,  7.9  ,  33.6
1541641 , 154164    , 66.06737406, -16.37679692, Hafrafellstunga 1       ,    184   ,    37.9  ,   30.8   ,    2.5   ,   4.3   ,  8.3    ,    17.6  ,  7.8  ,  33.7
1542041 , 154204    , 66.11652117, -16.39418999, Sandfellshagi 1         ,    150   ,    38.1  ,   30.5   ,    2.8   ,   4.4   ,  8.4    ,    17.7  ,  7.9  ,  34.0
1541161 , 154116    , 66.03063564, -16.58810378, Mörk                    ,     83   ,    44.2  ,   30.5   ,    2.9   ,   4.5   ,  8.5    ,    17.6  ,  8.0  ,  34.1
1545431 , 154543    , 66.19783307, -15.74912426, Garður                  ,    148   ,    39.0  ,   30.4   ,    2.7   ,   4.6   ,  8.4    ,    17.6  ,  8.0  ,  33.9
1542361 , 154236    , 66.13403544, -16.42455803, Þverá                   ,    115   ,    40.1  ,   30.2   ,    2.7   ,   4.4   ,  8.4    ,    17.7  ,  7.8  ,  33.9
1542011 , 154201    , 66.26003115, -16.39849997, Presthólar              ,    150   ,    37.0  ,   30.0   ,    2.5   ,   4.6   ,  8.4    ,    17.6  ,  7.8  ,  33.8
1541841 , 154184    , 66.09029867,  -16.3935399, Leifsstaðir             ,    151   ,    39.6  ,   29.9   ,    2.8   ,   4.4   ,  8.4    ,    17.5  ,  8.0  ,  33.8
1545491 , 154549    , 66.15521997, -15.42163878, Gunnarsstaðir 2         ,     60   ,    40.0  ,   29.9   ,    3.2   ,   4.4   ,  8.3    ,    17.5  ,  7.9  ,  33.6
1541821 , 154182    , 66.11021205, -16.43020722, Klifshagi 2             ,     78   ,    40.1  ,   29.8   ,    2.8   ,   4.6   ,  8.5    ,    17.9  ,  7.8  ,  34.1
1542581 , 154258    , 66.08223879, -16.42803535, Ærlækur                 ,    132   ,    36.2  ,   29.7   ,    2.5   ,   4.6   ,  8.4    ,    17.4  ,  7.8  ,  33.6
1545471 , 154547    , 66.15513062, -15.42668421, Gunnarsstaðir 1         ,    356   ,    40.0  ,   29.7   ,    2.8   ,   4.5   ,  8.4    ,    17.4  ,  7.8  ,  33.6
1545541 , 154554    , 66.15441132, -15.49237134, Holt og Laxárdalur      ,     87   ,    37.2  ,   29.6   ,    2.5   ,   4.5   ,  8.4    ,    17.4  ,  7.9  ,  33.6
1545751 , 154575    ,  66.2072098, -15.71747275, Svalbarð                ,    177   ,    38.3  ,   29.6   ,    2.5   ,   4.5   ,  8.3    ,    17.4  ,  7.9  ,  33.5
1542051 , 154205    , 66.11698083, -16.39418599, Sandfellshagi 2         ,    187   ,    39.2  ,   29.4   ,    2.7   ,   4.4   ,  8.4    ,    17.6  ,  8.1  ,  34.0
1542021 , 154202    ,  66.4125814, -16.52395993, Reistarnes              ,     83   ,    43.1  ,   29.4   ,    3.2   ,   4.5   ,  8.3    ,    17.4  ,  7.8  ,  33.5
1541541 , 154154    , 66.07563747, -16.35227548, Gilsbakki               ,     89   ,    36.8  ,   29.1   ,    2.6   ,   4.2   ,  8.1    ,    17.3  ,  7.9  ,  33.3
1548391 , 154839    , 66.09645477, -15.42390137, Tungusel                ,    178   ,    40.8  ,   29.1   ,    2.8   ,   4.4   ,  8.2    ,    17.1  ,  8.0  ,  33.3
1541141 , 154114    , 66.09596266, -16.92137863, Lón 2                   ,     98   ,    37.2  ,   28.9   ,    2.7   ,   4.2   ,  8.1    ,    17.3  ,  7.8  ,  33.3
1541851 , 154185    , 66.40472468, -16.49349165, Leirhöfn                ,    129   ,    40.4  ,   28.8   ,    3.2   ,   4.4   ,  8.2    ,    17.2  ,  7.9  ,  33.2
1540831 , 154083    , 66.08134827, -16.95239294, Fjöll 1                 ,    104   ,    35.6  ,   28.6   ,    2.7   ,   4.4   ,  8.2    ,    17.3  ,  7.8  ,  33.3
1541281 , 154128    , 66.09274151, -16.82479299, Vogar                   ,     55   ,    44.1  ,   28.5   ,    3.2   ,   4.5   ,  8.2    ,    17.0  ,  8.1  ,  33.2
1545611 , 154561    , 66.20835202, -15.54800301, Ytra-Áland              ,    153   ,    40.0  ,   28.1   ,    2.8   ,   4.5   ,  8.2    ,    17.3  ,  7.9  ,  33.3
1542291 , 154229    , 66.23485009, -16.42182376, Valþjófsstaðir III      ,     68   ,    38.5  ,   28.0   ,    2.8   ,   4.4   ,  8.2    ,    17.2  ,  8.1  ,  33.5
1564521 , 156452    , 65.61508237, -15.09889716, Burstafell I            ,     96   ,    44.8  ,   29.4   ,    3.0   ,   4.5   ,  8.3    ,    17.4  ,  8.1  ,  33.6
1572141 , 157214    , 65.48726407, -14.26606388, Rauðholt                ,    129   ,    42.0  ,   29.2   ,    3.1   ,   4.1   ,  8.3    ,    17.4  ,  8.3  ,  33.9
1569201 , 156920    , 65.23944128, -15.19528812, Merki                   ,     51   ,    40.0  ,   28.4   ,    3.2   ,   3.8   ,  8.3    ,    17.3  ,  8.1  ,  33.7
1569671 , 156967    , 65.06996147, -14.89463411, Melar                   ,     81   ,    43.3  ,   28.4   ,    3.9   ,   4.0   ,  8.2    ,    17.2  ,  8.3  ,  33.7
1565251 , 156525    , 65.90640187, -14.65021305, Strandhöfn              ,     98   ,    40.3  ,   28.2   ,    3.0   ,   4.3   ,  8.1    ,    16.8  ,  8.2  ,  33.0
1569501 , 156950    , 64.96346176, -15.15645027, Egilsstaðir             ,    113   ,    37.9  ,   28.2   ,    3.1   ,   3.9   ,  8.1    ,    16.9  ,  8.0  ,  33.0
1569031 , 156903    , 65.19207129, -15.25483239, Hákonarstaðir 3         ,    107   ,    42.4  ,   28.1   ,    3.8   ,   4.0   ,  8.3    ,    17.5  ,  7.5  ,  33.3
1559721 , 155972    , 65.01915784, -13.81972732, Stóra Breiðuvík         ,     60   ,    48.0  ,   29.5   ,    3.5   ,   3.9   ,  8.1    ,    17.3  ,  8.0  ,  33.3
1580911 , 158091    , 65.37257027, -14.31120063, Gilsárteigur 2          ,     50   ,    45.8  ,   28.0   ,    3.1   ,   4.2   ,  8.2    ,    17.3  ,  8.0  ,  33.5
1594601 , 159460    , 64.30279291,  -15.1816848, Ártún                   ,    110   ,    43.5  ,   32.6   ,    3.1   ,   4.0   ,  9.0    ,    17.8  ,  7.8  ,  34.5
1601261 , 160126    , 64.18134152, -15.76560605, Hestgerði               ,     67   ,    42.8  ,   30.7   ,    2.9   ,   4.0   ,  8.8    ,    17.6  ,  8.0  ,  34.3
1601161 , 160116    ,  64.1299826, -16.01502459, Breiðabólsst 4 -Hali-   ,     75   ,    44.3  ,   30.3   ,    2.6   ,   4.1   ,  8.6    ,    17.4  ,  7.9  ,  33.9
1600921 , 160092    , 64.29863044, -15.41805924, Hólabrekka              ,    104   ,    37.4  ,   30.2   ,    2.2   ,   3.9   ,  8.4    ,    17.3  ,  7.9  ,  33.6
1593781 , 159378    , 64.38635584, -14.93464397, Hvammur                 ,    118   ,    41.7  ,   30.0   ,    2.6   ,   4.0   ,  8.6    ,    17.4  ,  7.9  ,  33.9
1601011 , 160101    , 64.26156276, -15.43899092, Nýpugarðar              ,    242   ,    38.9  ,   29.7   ,    2.5   ,   3.9   ,  8.4    ,    17.3  ,  7.8  ,  33.5
1593991 , 159399    , 64.30366101,  -21.9736091, Vík 2                   ,     76   ,    42.3  ,   29.7   ,    2.8   ,   4.0   ,  8.5    ,    17.3  ,  7.9  ,  33.8
1594761 , 159476    , 64.31377328, -15.24187741, Fornustekkar l          ,    349   ,    39.8  ,   29.6   ,    3.2   ,   3.8   ,  8.5    ,    17.5  ,  7.8  ,  33.7
1601141 , 160114    , 64.12890732, -16.01233331, Breiðabólsst 2 Gerð     ,    176   ,    42.4  ,   29.4   ,    2.6   ,   3.9   ,  8.5    ,    17.3  ,  7.9  ,  33.7
1601961 , 160196    , 63.98418249, -16.85625004, Svínafell 3             ,    122   ,    43.3  ,   29.3   ,    2.4   ,   3.9   ,  8.6    ,    17.5  ,  7.7  ,  33.8
1601311 , 160131    , 64.18092145, -15.89330504, Kálfafell 2             ,    160   ,    40.3  ,   29.3   ,    3.0   ,   3.7   ,  8.5    ,    17.3  ,  7.9  ,  33.7
1601211 , 160121    , 64.19215195, -15.81572333, Borgarhöfn 6 Lækjarhú   ,     83   ,    37.4  ,   29.0   ,    2.4   ,   3.8   ,  8.5    ,    17.2  ,  7.9  ,  33.6
1601811 , 160181    , 63.90524986, -16.70268623, Litla-Hof               ,    278   ,    40.3  ,   28.7   ,    2.1   ,   3.8   ,  8.5    ,    17.3  ,  7.8  ,  33.6
1601451 , 160145    , 64.21680874,  -15.7179406, Smyrlabjörg 3           ,    126   ,    37.7  ,   28.4   ,    2.6    ,   3.8   , 8.5    ,    17.3  ,  8.0  ,  33.7
1601681 , 160168    , 63.90464526, -16.59674293, Hnappavellir 7          ,    161   ,    42.3  ,   28.2   ,    1.9   ,   3.8   ,  8.4    ,    17.3  ,  7.8  ,  33.5
1601741 , 160174    , 63.90669884, -16.70629619, Hof 1 /Eystri Bær       ,    228   ,    38.7  ,   28.1   ,    2.2   ,   3.8   ,  8.5    ,    17.5  ,  7.8  ,  33.7
1634731 , 163473    ,  63.7486949, -17.93320227, Þykkvibær 1             ,     70   ,    42.6  ,   30.7   ,    2.9   ,   3.9   ,  8.6    ,    17.6  ,  8.0  ,  34.1
1633071 , 163307    , 63.72805456, -18.55425717, Borgarfell 1 og 3       ,    173   ,    41.8  ,   30.0   ,    1.8   ,   4.3   ,  8.7    ,    17.7  ,  8.0  ,  34.4
1634661 , 163466    , 63.57543268,  -18.1366321, Ytri-Lyngar             ,     69   ,    40.5  ,   29.7   ,    2.5   ,   3.9   ,  8.6    ,    17.3  ,  8.0  ,  33.8
1633941 , 163394    , 63.78277218, -18.06475053, Kirkjubæjarklaustur 2   ,    192   ,    35.4  ,   29.3   ,    2.2   ,   3.8   ,  8.4    ,    17.1  ,  7.9  ,  33.4
1634101 , 163410    , 63.81230748, -18.06132561, Mörk                    ,    129   ,    39.8  ,   28.7   ,    2.4   ,   3.8   ,  8.4    ,    17.1  ,  7.9  ,  33.4
1634581 , 163458    , 63.61770933, -17.99500218, Syðri-Fljótar           ,    134   ,    38.9  ,   28.3   ,    1.9   ,   3.8   ,  8.3    ,    17.0  ,  7.9  ,  33.1
1630001 , 163000    , 63.44411791, -19.14376358, Brekkur 3               ,     74   ,    35.7  ,   28.2   ,    1.9   ,   3.5   ,  8.5    ,    17.3  ,  7.8  ,  33.5
1636721 , 163672    , 63.52935652, -19.50385289, Ytri-Skógar             ,    160   ,    45.3  ,   31.0   ,    3.0   ,   4.0   ,  8.7    ,    18.0  ,  7.8  ,  34.5
1651372 , 165137    , 63.93354162, -20.47657503, Raftholt                ,     67   ,    45.3  ,   30.7   ,    4.0   ,   4.1   ,  8.6    ,    17.5  ,  7.9  ,  33.9
1637171 , 163717    , 63.52560257, -19.56297898, Skarðshlíð 1            ,    106   ,    44.2  ,   30.4   ,    3.2   ,   3.9   ,  8.7    ,    17.8  ,  7.9  ,  34.3
1636521 , 163652    , 63.52949694, -19.52031401, Drangshlíðardalur       ,     66   ,    41.1  ,   29.9   ,    2.6   ,   3.9   ,  8.5    ,    17.4  ,  7.9  ,  33.7
1640201 , 164020    , 63.72130388, -19.91640363, Hlíðarendakot           ,     79   ,    43.0  ,   29.7   ,    3.4   ,   4.1   ,  8.5    ,    17.4  ,  8.1  ,  33.9
1640601 , 164060    , 63.74034558,  -20.1123028, Sámsstaðir 3            ,     57   ,    40.6  ,   29.4   ,    2.9   ,   4.3   ,  8.4    ,    17.4  ,  7.9  ,  33.6
1639321 , 163932    , 63.69181038,  -20.2190703, Berjanes                ,     72   ,    43.6  ,   28.5   ,    2.4   ,   3.8   ,  8.6    ,    17.3  ,  7.9  ,  33.8
1640651 , 164065    , 63.73134053, -19.99810339, Teigur 1                ,    167   ,    41.4  ,   28.3   ,    2.5   ,   4.1   ,  8.4    ,    17.4  ,  7.9  ,  33.7
1650651 , 165065    , 63.86271358, -20.35835951, Árbæjarhjáleiga 1       ,     58   ,    37.6  ,   28.2   ,    2.0   ,   4.2   ,  8.5    ,    17.5  ,  8.0  ,  34.0
1652941 , 165294    , 63.90011926, -20.65541572, Kálfholt                ,    130   ,    42.7  ,   28.2   ,    2.7   ,   4.0   ,  8.4    ,    17.4  ,  7.9  ,  33.7
1638051 , 163805    , 63.57165172, -19.79512435, Skálakot                ,     78   ,    38.7  ,   28.1   ,    2.6   ,   3.9   ,  8.1    ,    17.1  ,  7.9  ,  33.0
1639591 , 163959    , 63.64187014, -20.37718679, Miðkot                  ,     50   ,    42.6  ,   28.1   ,    3.2   ,   3.9   ,  8.4    ,    17.2  ,  8.0  ,  33.5
1665481 , 166548    , 64.07300505, -20.11073539, Fossnes                 ,     50   ,    43.8  ,   31.7   ,    2.1   ,   3.7   ,  8.4    ,    17.4  ,  7.8  ,  33.6
1664871 , 166487    , 64.06655628,  -20.4663449, Ósabakki 2              ,     58   ,    43.2  ,   31.6   ,    2.1   ,   4.1   ,  8.9    ,    18.0  ,  7.9  ,  34.8
1670941 , 167094    , 64.28193414,  -20.2230712, Gýgjarhólskot 1         ,    127   ,    46.6  ,   31.5   ,    2.1   ,   4.1   ,  8.5    ,    17.7  ,  7.8  ,  34.0
1667191 , 166719    ,  64.1231059, -20.48083409, Auðsholt 4              ,    129   ,    38.6  ,   30.9   ,    2.7   ,   4.2   ,  8.5    ,    17.5  ,  7.9  ,  33.9
1670731 , 167073    , 64.16277132, -20.38386981, Bræðratunga             ,     82   ,    48.7  ,   30.2   ,    3.2   ,   4.0   ,  8.6    ,    17.7  ,  8.1  ,  34.4
1662281 , 166228    , 63.97883807, -20.76046827, Brúnastaðir 1           ,     90   ,    39.1  ,   30.1   ,    2.1   ,   4.3   ,  8.5    ,    17.8  ,  7.7  ,  34.0
2015551 , 201555    , 64.09970714, -20.77898506, Björk 2                 ,     91   ,    41.7  ,   29.7   ,    2.1   ,   4.0   ,  8.5    ,    17.5  ,  7.8  ,  33.8
1663501 , 166350    , 63.92035507, -20.79560065, Hurðarbak               ,     63   ,    41.4  ,   29.6   ,    2.1   ,   4.0   ,  8.5    ,    17.4  ,  7.7  ,  33.5
1654841 , 165484    , 63.83957387, -20.82076905, Hamar 1 og 2            ,     51   ,    40.4  ,   29.6   ,    3.9   ,   4.3   ,  8.5    ,    17.4  ,  7.9  ,  33.7
1667671 , 166767    , 64.06881754, -20.33015784, Hrepphólar              ,     74   ,    42.3  ,   29.5   ,    1.6   ,   3.8   ,  8.5    ,    17.4  ,  7.8  ,  33.6
1668432 , 166843    , 64.14785974, -20.22873628, Þverspyrna              ,     61   ,    41.4  ,   29.4   ,    2.5   ,   4.3   ,  8.6    ,    17.5  ,  7.9  ,  34.0
1676221 , 167622    , 64.19331817, -20.64376115, Austurey 1              ,     60   ,    38.2  ,   29.1   ,    2.0   ,   4.0   ,  8.7    ,    17.5  ,  7.8  ,  34.0
1671101 , 167110    , 64.25037277,  -20.3304434, Hjarðarland             ,     75   ,    41.8  ,   28.7   ,    2.7   ,   4.1   ,  8.5    ,    17.4  ,  7.7  ,  33.5
2147941 , 214794    ,  64.2757673, -20.39753838, Austurhlíð II           ,     69   ,    40.5  ,   28.7   ,    2.9   ,   4.0   ,  8.4    ,    17.3  ,  7.7  ,  33.4
1667161 , 166716    , 64.12101745, -20.47792029, Auðsholt 1              ,     52   ,    39.8  ,   28.7   ,    3.1   ,   4.2   ,  8.4    ,    17.2  ,  7.9  ,  33.5
1665571 , 166557    , 64.06249335, -20.28495896, Háholt                  ,     68   ,    34.3  ,   28.5   ,    1.4   ,   3.7   ,  8.4    ,    17.3  ,  7.8  ,  33.5
1662681 , 166268    , 63.98461718, -20.81248722, Oddgeirshólar 1         ,    116   ,    39.7  ,   28.2   ,    2.1   ,   4.1   ,  8.5    ,    17.6  ,  7.9  ,  33.9
1667631 , 166763    , 64.13129731,  -20.3563539, Hrafnkelsstaðir 1       ,     75   ,    40.5  ,   28.0   ,    1.6   ,   4.1   ,  8.4    ,    17.5  ,  7.8  ,  33.8bn